company_name, name, job_title, gender, location
Example,Johnathan Davis,Future Brand Administrator,M,South Allan
Example,Helmer Mayert,Internal Tactics Technician,F,East Pattieburgh
Example,Deborah Hilpert,National Marketing Specialist,F,New Linniemouth
Example,Ernie Predovic DDS,Dynamic Optimization Executive,F,South Berneiceside
Example,Melissa Pagac,Lead Security Supervisor,M,New Neil
Example,Eda Bergnaum,Dynamic Usability Agent,M,West Birdieside
Example,Beau Denesik,Corporate Interactions Assistant,M,Port Augustus
Example,Jordi Kohler,Product Brand Director,M,East Sincere
Example,Brendon Haley III,Global Web Supervisor,M,Douglasview
Example,Jayne Green,Investor Applications Orchestrator,F,West Evan
Example,Vincenza Douglas,Product Configuration Executive,M,Lake Felton
Example,Skyla Romaguera,International Group Associate,F,VonRuedenberg
Example,Dane Langworth,International Factors Executive,F,South Ashlybury
Example,Cristal Ernser,Central Identity Manager,M,Port Dandreton
Example,Rey Berge,Direct Mobility Specialist,F,Grimesbury
Example,Johathan Murphy,Customer Accountability Associate,M,Lake Milo
Example,Rae Larkin DDS,Investor Applications Manager,F,Leschborough
Example,Mr. Nicholas Balistreri,International Factors Executive,F,North Liafort
Example,Rodrigo Hagenes IV,Product Marketing Manager,M,Naderfurt
Example,Mrs. Frederic MacGyver,Chief Division Coordinator,M,Aidenland
Example,Isaiah Pouros DVM,Direct Operations Associate,F,Lake Breanastad
Example,Dr. Stephania Ryan,Corporate Web Agent,M,New Geraldbury
Example,Durward Bergnaum,Human Security Officer,F,Kilbackchester
Example,Griffin Grady,Human Data Architect,M,West Myrtle
Example,Brain Homenick Jr.,Central Usability Associate,F,Americotown
Example,Dolores Durgan,Forward Data Analyst,M,Lake Odessa
Example,Willy Bosco,Investor Accounts Consultant,M,Bennettville
Example,Maximus Schaden,Dynamic Creative Designer,M,Giovannifurt
Example,Miss Valentina Bechtelar,Central Program Manager,M,Wilbertbury
Example,Willa Muller,National Security Supervisor,F,North Taya
Example,Maci Thiel,Regional Program Agent,F,Hardystad
Example,Douglas Bayer,Investor Data Developer,M,O'Konchester
Example,Mrs. Deanna Dickens,Corporate Factors Developer,F,New Velmahaven
Example,Julius Stracke,Direct Marketing Developer,M,South Marisol
Example,Marcelo Wintheiser II,District Implementation Liason,F,Lake Lucianoside
Example,Shannon Wisoky,Legacy Brand Producer,F,Novellaton
Example,Laverne Abernathy IV,Corporate Operations Supervisor,F,West Alenestad
Example,Santiago Kerluke,Dynamic Interactions Representative,M,Gleichnerside
Example,Miss Rolando White,Principal Factors Associate,M,East Devan
Example,Jakayla Cassin DVM,Product Response Planner,M,Lake Urielhaven
Example,Dr. Lula McClure,District Accounts Director,M,East Cathrinefort
Example,Anna Shields,Dynamic Paradigm Producer,F,Gulgowskiville
Example,Lysanne Runte,Forward Intranet Architect,F,North Nathan
Example,Leann Pouros,District Accountability Agent,F,Lake Louvenia
Example,Cameron Mohr,Direct Operations Liason,M,Port Bartfort
Example,Miss Cordie Connelly,Direct Operations Specialist,M,South Wileyburgh
Example,Dr. Donny Torp,Direct Communications Facilitator,M,Sporerhaven
Example,Leopold Heaney,Forward Group Planner,F,Denesikhaven
Example,Tyshawn Bayer,Global Paradigm Designer,F,Schmitthaven
Example,Jarred Heidenreich,Lead Division Technician,F,Beckerport
Example,Pearl Lemke Sr.,Central Configuration Facilitator,M,O'Keefebury
Example,Melyssa Nicolas IV,Forward Group Executive,F,South Antonettafurt
Example,Clotilde Witting,Legacy Accounts Supervisor,M,Mantehaven
Example,Berniece Bradtke,Lead Creative Liason,F,Pourosville
Example,Noble Wilderman,Senior Tactics Architect,M,Ethanmouth
Example,Ned Dietrich DVM,District Communications Facilitator,M,Moenchester
Example,Hunter Spencer,Internal Program Assistant,M,Greenfelderfort
Example,Michele Weissnat,Legacy Intranet Specialist,F,Port Trent
Example,Emmie Bins MD,Chief Assurance Agent,M,McKenziehaven
Example,Augustus Wehner II,Corporate Optimization Specialist,M,West Maxinechester
Example,Natasha Hauck MD,Direct Applications Assistant,F,Kevinport
Example,Velda Rutherford,Product Quality Officer,M,Jaimefort
Example,Kevon Pouros,District Marketing Facilitator,F,Russelhaven
Example,Muhammad Gleichner,Future Assurance Manager,F,South Freidaside
Example,Abel Zieme,Dynamic Integration Strategist,M,East Goldenhaven
Example,Oda Zboncak,Internal Branding Supervisor,M,Cassinmouth
Example,Monica Jerde MD,Investor Factors Director,F,East Izabella
Example,Eve Mitchell,District Assurance Producer,M,West Veronica
Example,Alexander Schultz MD,Corporate Data Engineer,F,Port Birdie
Example,Velda Hirthe,Investor Optimization Associate,F,Lourdesmouth
Example,Mr. Ruthie Brown,Human Interactions Executive,M,Kennedychester
Example,Roy Tromp,Chief Assurance Planner,F,Lake Demariofort
Example,Efrain Sipes III,Central Assurance Assistant,F,Lake Ollie
Example,Alan Bednar,International Directives Manager,F,Beahanview
Example,Justen Bosco,Forward Branding Strategist,F,Zemlakmouth
Example,Ms. Lisa Gulgowski,Central Group Director,M,New Benjaminshire
Example,Breanne Cartwright,Central Operations Analyst,F,Moenburgh
Example,Rene Schmeler,Principal Infrastructure Director,F,Champlinport
Example,Herminio Cole,Regional Interactions Analyst,F,North Franz
Example,Eliza Satterfield,Principal Configuration Associate,M,Jaymouth
Example,Lillie Ondricka,Internal Security Assistant,M,Bartonland
Example,Sarai Osinski,Future Implementation Architect,F,Lelahchester
Example,Cayla Reinger,Central Operations Supervisor,M,Cummingsfort
Example,Miss Zoe Hettinger,International Usability Orchestrator,M,East Tyrese
Example,Demetris Eichmann PhD,Senior Program Specialist,M,Lake Corystad
Example,Chasity Orn,Direct Web Coordinator,F,West Londontown
Example,Ms. Tierra Langosh,Customer Communications Developer,F,Chasemouth
Example,Edyth Donnelly I,Human Configuration Agent,M,Lake Aureliatown
Example,Morgan Willms Jr.,Senior Web Specialist,F,Greggton
Example,Madisen Bednar,National Integration Analyst,M,South Jean
Example,Reta Block,Chief Creative Architect,F,Lake Waynefurt
Example,Wyman Champlin DDS,Legacy Group Agent,F,Kenbury
Example,Isidro DuBuque,Lead Tactics Technician,M,Port Torrey
Example,Ettie Larkin,Dynamic Group Supervisor,M,Lake Elenora
Example,Kenneth Green IV,Dynamic Applications Director,M,Port Lola
Example,Eldon Lubowitz,Human Optimization Designer,M,Rodriguezfort
Example,Mrs. Brando Jacobs,Global Infrastructure Representative,M,Abbottport
Example,Michele Jaskolski,Principal Marketing Consultant,M,South Kaylah
Example,Liana Effertz,Legacy Markets Supervisor,M,Mavisport
Example,Mr. Dewitt Waters,Principal Metrics Producer,M,North Madyson
Example,Hilda Hartmann,Dynamic Tactics Orchestrator,M,Lake Hiltonbury
Example,Amy Stracke II,National Branding Planner,F,East Ariel
Example,Percival Lemke,Dynamic Research Facilitator,F,South Sidneyside
Example,Katrine Dickens,Lead Communications Facilitator,F,Lake Emeraldfort
Example,Amelia Stamm,Central Branding Assistant,F,Bettymouth
Example,Carmel Swaniawski,National Metrics Coordinator,M,Jamalbury
Example,Mr. Lacey White,Lead Mobility Developer,M,Abbotthaven
Example,Hellen Marvin Sr.,Senior Accounts Strategist,M,Corkeryhaven
Example,Aliza Moen IV,Regional Markets Strategist,F,Port Tryciaton
Example,Araceli Abernathy,Global Quality Designer,F,Langworthfurt
Example,Benjamin Hauck,Future Accountability Officer,M,West Matildaport
Example,Aditya Leffler DVM,Principal Operations Supervisor,M,Lake Ethylport
Example,Ms. Earnestine Heller,Dynamic Metrics Manager,F,Kulasstad
Example,Rita Murray,Regional Group Representative,F,Rauview
Example,Erica Schuppe,Forward Marketing Liason,F,Hudsonborough
Example,Mrs. Nellie Terry,Product Accountability Manager,M,West Destini
Example,Odell Greenholt,Global Group Manager,M,Geovannymouth
Example,Gregory Nolan,Dynamic Applications Manager,M,East Damianchester
Example,Rosalee Fisher,Internal Configuration Developer,F,West Rahsaan
Example,Mr. Lenna Daugherty,International Operations Agent,F,Deonchester
Example,Mia Roob,Internal Assurance Specialist,M,South Saulton
Example,Mr. Marguerite Hermann,National Interactions Designer,F,Mullerton
Example,Mrs. Maximillia Waters,Dynamic Security Assistant,F,Lake Williehaven
Example,Tessie O'Kon,Chief Assurance Administrator,F,New Sarah
Example,Mrs. Yolanda Gutkowski,District Interactions Manager,F,Crawfordshire
Example,Marie Mitchell I,International Tactics Officer,F,Lake Domenickstad
Example,Rupert Bartell DDS,Investor Implementation Associate,M,Imaniland
Example,Hudson Aufderhar,Product Security Consultant,F,West Yesenia
Example,Melvina Kassulke,Principal Brand Planner,M,Cooperfurt
Example,Aubrey Wilkinson,Internal Infrastructure Designer,M,Marleyview
Example,Dr. Doyle Kemmer,Product Marketing Architect,M,South Jeffereybury
Example,Alexanne Rice,Customer Creative Agent,M,Jacklynchester
Example,Chet Frami,National Usability Coordinator,F,North Monroeside
Example,Kurtis Trantow,National Tactics Supervisor,M,Terrymouth
Example,Norma Nitzsche Jr.,Global Branding Consultant,F,North Reynold
Example,Donny Ebert MD,Future Marketing Technician,F,East Winnifred
Example,Miss Delphine Collier,Forward Factors Engineer,F,Port Karlistad
Example,Coby Jacobi,Global Integration Director,F,Sauerton
Example,Willa Satterfield DVM,Corporate Tactics Supervisor,F,Port Eunicestad
Example,Dr. Buster Lebsack,Future Response Analyst,F,Ivorytown
Example,Wilburn Reichert I,Future Operations Administrator,F,East Juvenal
Example,Violet Medhurst,Customer Accounts Officer,M,Langoshmouth
Example,Lance Zulauf,Senior Configuration Representative,F,Bednarshire
Example,Modesto Kris,Dynamic Mobility Engineer,F,West Nathen
Example,Ericka Jaskolski,Customer Integration Liason,M,Port Kendrick
Example,Liana Klocko,Investor Usability Assistant,F,North Myles
Example,Brant Gottlieb,Forward Operations Officer,F,Zoeystad
Example,Emily Wyman,Dynamic Applications Executive,M,East Magaliburgh
Example,Edmond Conroy,Corporate Applications Agent,F,Prohaskachester
Example,Koby Moore,Direct Accounts Engineer,M,New Lucie
Example,Ms. Cathy Cole,Forward Quality Executive,F,New Rodrick
Example,Easter Hartmann,Central Intranet Representative,F,Wuckertport
Example,Lizeth Waters,Future Integration Coordinator,F,South Marielleside
Example,Norris Jacobi,Central Interactions Technician,F,Alexandrachester
Example,Phyllis Larkin,Product Quality Strategist,F,Edwardoton
Example,Amanda Gorczany,Direct Creative Facilitator,M,Naderview
Example,Jamison Stroman,Investor Solutions Planner,F,New Stevieview
Example,Titus Goyette,International Applications Strategist,F,West Friedrichstad
Example,Chance Mosciski,Lead Tactics Orchestrator,M,Port Pablo
Example,Nathanael Smith,Legacy Interactions Representative,M,Waelchihaven
Example,Reanna Wolf,Central Mobility Strategist,F,Schowalterstad
Example,Lonzo Medhurst,Future Applications Agent,F,Port Jed
Example,Elise Paucek,Corporate Quality Executive,M,New Johnathanmouth
Example,Darwin Durgan,Global Web Analyst,F,Sandyshire
Example,Dina Murphy,Global Accounts Coordinator,M,Port Ashleyton
Example,Griffin Wolff,Dynamic Tactics Associate,F,Mariettaton
Example,Sarai Gottlieb,Future Communications Architect,M,Krismouth
Example,Mrs. Buster Ferry,National Division Consultant,F,Trinityburgh
Example,Reta Crooks DDS,Global Data Supervisor,F,Sonyatown
Example,Benjamin Heaney,Product Applications Orchestrator,F,Harleyborough
Example,Francisco Zboncak MD,Internal Division Producer,F,Lulutown
Example,Regan Kutch V,Dynamic Program Assistant,F,West Haylee
Example,Ms. Alek Morissette,Internal Creative Planner,M,Lake Valentinchester
Example,Cleo Rohan,Investor Configuration Manager,M,Karleystad
Example,Mabelle Gusikowski,Dynamic Identity Engineer,M,MacGyverfurt
Example,Bradley Morar II,Forward Communications Consultant,M,Lindgrentown
Example,Kylie Thiel,Global Brand Assistant,F,Wendyberg
Example,Mr. Sierra Hermann,National Infrastructure Developer,F,Kelvinhaven
Example,Etha Homenick,Corporate Creative Developer,M,North Karlieport
Example,Ezra Renner III,District Branding Producer,F,South Tadside
Example,Miss Tatum Blanda,Lead Creative Orchestrator,F,Franeckifurt
Example,Liam Schumm Jr.,Central Security Supervisor,F,Mertztown
Example,Madeline Batz I,Chief Optimization Analyst,M,New Fredericborough
Example,Amparo Crooks,Corporate Creative Consultant,F,Lake Orlofort
Example,Wilburn Lebsack,National Directives Engineer,F,Port Nella
Example,Dr. Arvilla Bernhard,Investor Security Analyst,M,Kelleyfurt
Example,Miss Enid Reinger,Central Security Facilitator,M,Lake Caesar
Example,Lori Romaguera,Dynamic Usability Executive,M,Port Antone
Example,Dr. Barrett Koch,Direct Accountability Associate,M,West Sistertown
Example,Anissa Torp,Investor Division Facilitator,F,Port Dashawnborough
Example,Maudie Kuphal,Product Identity Assistant,F,West Lue
Example,Dr. Payton Haley,District Web Planner,M,Josephineview
Example,Sim Mann,District Integration Associate,F,Schneiderburgh
Example,Ariel Rowe,Future Configuration Administrator,F,Cameronfort
Example,Yoshiko Kerluke,Chief Interactions Consultant,F,Lake Amanda
Example,Elza Hand,Dynamic Security Supervisor,F,East Bernitatown
Example,Carlos Langosh DVM,Internal Program Administrator,M,East Mellie
Example,Alana McCullough,Customer Accounts Agent,F,Rathmouth
Example,Delia Wyman,Human Intranet Engineer,M,Brittanytown
Example,Ms. Vincenzo Harber,Direct Interactions Manager,M,Coltenmouth
Example,Maegan Hirthe,Central Integration Producer,M,Jorgeview
Example,Will Pfannerstill,Investor Brand Specialist,M,Lake Brittanymouth
Example,Cruz Reilly,Senior Applications Consultant,F,Sanfordtown
Example,Osbaldo Erdman,Customer Functionality Officer,M,Port Rafaelatown
Example,Kacie Kozey,Regional Paradigm Facilitator,F,Lake Chandlerside
Example,Noe Bogisich,Human Data Analyst,M,East Carrie
Example,Aglae Feest,Product Directives Planner,F,East Lewiston
Example,Christian Gerhold V,District Applications Representative,F,Lake Brookschester
Example,Mrs. Lesly Torphy,Forward Integration Administrator,F,West Kelleyside
Example,Mr. Lorena Ward,Customer Quality Agent,M,Lavernmouth
Example,Tabitha Green,Global Accountability Architect,F,North Oceaneville
Example,Ewald Franecki,Product Quality Director,F,Spinkaberg
Example,Gerald Stoltenberg,Forward Response Analyst,M,Harberborough
Example,Chanelle Kessler,Customer Directives Engineer,M,Wildermanton
Example,Abner Effertz,Internal Accounts Facilitator,F,South Justus
Example,Montana Sauer,Direct Program Facilitator,F,Kshlerinland
Example,Melody Schamberger,Dynamic Interactions Planner,M,South Martinastad
Example,Ursula Schinner,Forward Identity Manager,F,Port Euniceshire
Example,Eloise Gaylord IV,Legacy Identity Assistant,F,Lake Reymundobury
Example,Steve Fisher,Investor Creative Technician,F,Wiegandchester
Example,Krystina DuBuque,Corporate Mobility Orchestrator,M,Keeblermouth
Example,Friedrich Crona,International Quality Analyst,M,Samland
Example,Mrs. Ettie Dickens,Global Paradigm Liason,F,Port Melvin
Example,Ressie Abernathy I,Direct Response Technician,M,East Newton
Example,Caroline Ferry,Dynamic Paradigm Coordinator,M,Virginiemouth
Example,Tatyana Mueller,International Functionality Administrator,M,Port Colby
Example,Roberto Kuhlman PhD,Central Implementation Coordinator,M,Heathcotefurt
Example,Miss Zackary Wisoky,Product Factors Architect,M,Heloisebury
Example,Lura Pacocha,Investor Research Assistant,M,Port Aliza
Example,Kay Morissette,Chief Implementation Strategist,F,North Lizzie
Example,Remington Dooley I,Investor Directives Director,F,Magdalenahaven
Example,Jean Kovacek,Dynamic Directives Orchestrator,M,Scarlettton
Example,Laura O'Connell Jr.,National Accountability Strategist,M,North Easter
Example,Francisco Jacobson,Dynamic Operations Specialist,M,O'Konfurt
Example,Montana Connelly,Product Operations Architect,F,Port Demarcoville
Example,Mr. Mustafa Weissnat,Dynamic Intranet Specialist,M,West Dayton
Example,Thaddeus Runte,Customer Data Coordinator,F,South Claudia
Example,Damien Cassin,Customer Infrastructure Executive,F,South Anabelshire
Example,Mrs. Max Gerlach,Dynamic Identity Associate,M,West Arlieborough
Example,Carlie Runte,Chief Division Assistant,M,South Sandy
Example,Hertha Mueller,District Markets Assistant,M,West Tommie
Example,Mrs. Harold Bosco,Human Directives Technician,M,Hughbury
Example,Zackary Cremin,Product Implementation Consultant,M,Port Alexandriaside
Example,Kitty Emmerich,Direct Tactics Planner,F,Amandamouth
Example,Lionel Spinka,Human Integration Facilitator,F,Bodeland
Example,Gerson Schiller,Chief Directives Representative,F,Stokestown
Example,Titus Yundt,Product Program Representative,F,Shieldstown
Example,Mrs. Ubaldo Russel,Human Optimization Officer,F,Port Harvey
Example,Lorenza Connelly DDS,International Applications Developer,M,Hannahview
Example,Mustafa Gerlach PhD,Forward Integration Specialist,M,Ezequielmouth
Example,Rene Nitzsche MD,Customer Configuration Planner,F,Schummborough
Example,Jermain Abernathy,Global Program Producer,M,Lake Cornellport
Example,Reta Rosenbaum,Lead Data Developer,F,Rempelland
Example,Elouise Reilly II,Human Accounts Consultant,M,West Webster
Example,Cleo Conroy,Product Solutions Producer,M,Devanteport
Example,Jarrett Grimes DDS,Regional Communications Manager,F,Aniyaberg
Example,Mr. Alva Barrows,Regional Applications Coordinator,F,Ferryshire
Example,Bryon Russel,National Communications Coordinator,M,East Wilber
Example,Leonor Kunze,Human Directives Designer,M,Lake Agustinaberg
Example,Bobbie Wilderman,Chief Data Strategist,M,Simonisside
Example,Kale Mohr DVM,Internal Creative Administrator,M,Considinestad
Example,Jasper Green,Corporate Program Liason,F,Mervinborough
Example,Tabitha Brown,Future Infrastructure Manager,M,Port Hardy
Example,Darryl Hansen V,Regional Directives Orchestrator,M,East Freddie
Example,Trycia Schmidt Jr.,Dynamic Factors Administrator,F,Wintheiserchester
Example,Jakayla Brown,International Metrics Executive,M,North Vidaberg
Example,Astrid Hoppe,Regional Program Specialist,F,Grahamside
Example,Elinore Kunde,Lead Factors Specialist,F,North Wallacebury
Example,Margie Strosin MD,Investor Research Designer,M,Bernadinefurt
Example,Ubaldo Douglas,Principal Applications Analyst,F,Fredamouth
Example,Mr. Stan Buckridge,Regional Communications Architect,M,North Hoytfort
Example,Adriana Ferry,Human Functionality Orchestrator,F,Cloydbury
Example,Gustave Torphy,Forward Directives Executive,F,Lake Marcelle
Example,Elnora Kris DDS,Global Intranet Coordinator,F,Daphneton
Example,Shannon Ryan,Human Accounts Director,M,Artbury
Example,Clemens Jones,Investor Accounts Administrator,F,South Davidshire
Example,Dr. Garett Larson,Dynamic Intranet Specialist,F,Port Ardenhaven
Example,Dr. Golden Hackett,Senior Mobility Orchestrator,F,Schillerbury
Example,Marcelino Effertz,Regional Intranet Analyst,M,Andersonburgh
Example,Toby Prohaska,Internal Markets Assistant,F,Port Trevermouth
Example,Berniece Hammes,Principal Assurance Technician,F,Kassulketon
Example,Hilton Bergstrom,International Research Agent,M,Craigfurt
Example,Reanna Bruen Jr.,Product Integration Designer,F,Dietrichside
Example,Miss Vincent Schoen,Chief Division Designer,M,North Wilma
Example,Kamille Boehm,Central Infrastructure Analyst,M,Phoebeville
Example,Dr. Cale Abshire,Senior Markets Supervisor,M,Haagton
Example,Spencer MacGyver,Global Group Executive,F,Maudville
Example,Nicole Schowalter PhD,Lead Division Planner,M,Ortizport
Example,Kamron Ledner,Product Mobility Manager,M,West Harmonchester
Example,Angela Veum,Dynamic Data Representative,M,Yundtfort
Example,Danielle Brekke,Senior Factors Coordinator,F,West Romainestad
Example,Mohammad Padberg DVM,Lead Data Coordinator,M,Joannyton
Example,Raheem Dicki,Investor Web Analyst,M,Streichmouth
Example,Benjamin Jaskolski I,Global Identity Agent,F,Conroyfurt
Example,Jeramie Greenfelder,Internal Interactions Facilitator,F,Lake Mosesberg
Example,Otha Volkman,Regional Tactics Executive,F,East Domenicashire
Example,Mr. Jany O'Connell,Dynamic Intranet Agent,M,East Louie
Example,Cathy Hilpert,Human Accounts Supervisor,M,Lake Deltachester
Example,Sharon Heller,Regional Factors Manager,M,North Rashawn
Example,Makayla Bergnaum,Dynamic Program Designer,F,Bartellshire
Example,Meredith Bins,Regional Solutions Executive,F,Carrollton
Example,Tommie Stroman MD,Customer Optimization Manager,F,South Lucio
Example,Maximo Willms DDS,Dynamic Functionality Facilitator,F,Port Rossie
Example,Bella Smith,Regional Solutions Planner,M,Port Kendall
Example,Ms. Johann Von,Lead Tactics Producer,F,Moenland
Example,Lisette MacGyver,Forward Mobility Developer,M,Shyannton
Example,Oceane Treutel Jr.,Senior Metrics Consultant,M,Sydnieborough
Example,Holden Larson DVM,Product Research Associate,F,Wisokytown
Example,Doris Langworth,Central Operations Designer,M,Abbigailview
Example,Nelda Prosacco MD,Product Web Facilitator,M,Lednerbury
Example,Mittie Collins,Corporate Accounts Architect,F,Robertsburgh
Example,Erika Quigley,Customer Security Officer,F,Hayleyborough
Example,Hayley Pollich,Central Response Facilitator,F,Olgaside
Example,Jillian Considine,Lead Mobility Executive,F,East Aliyahaven
Example,Virginie Mayer,Chief Group Designer,F,Brianneton
Example,Mr. Garett Armstrong,Senior Research Technician,F,North Loufort
Example,Hershel Hills,Global Optimization Designer,F,South Stanley
Example,Terrance O'Kon,Dynamic Mobility Technician,F,Majortown
Example,Dr. Antonina Rohan,Forward Identity Agent,F,Madisontown
Example,Finn Kuphal,Central Operations Associate,F,South Lavonne
Example,Foster Collier,Product Usability Strategist,F,New Savanahmouth
Example,Kenneth Abshire DVM,District Data Officer,M,Port Santino
Example,German Gottlieb,Regional Program Analyst,M,Port Tyree
Example,Maurice Herman,Internal Quality Technician,F,Nienowland
Example,Ivy Steuber I,Internal Assurance Orchestrator,F,North Loniebury
Example,Roma Graham,National Solutions Analyst,M,Lake Jordy
Example,Cora Jast,Product Brand Engineer,M,Oberbrunnerberg
Example,Alfreda Stokes V,Future Operations Administrator,M,North Claudieside
Example,Dr. Sharon Reilly,Global Quality Officer,M,Port Aliyahfurt
Example,Al Grant,Product Brand Strategist,M,Deontaestad
Example,Jakob Von,National Research Supervisor,F,West Demario
Example,Mrs. Gail Glover,Central Branding Administrator,F,West Bryon
Example,Joanne Satterfield,Internal Communications Designer,F,Steveport
Example,Mrs. Genoveva Greenholt,Senior Tactics Manager,F,Dejuanview
Example,Jewell Fritsch,Chief Optimization Executive,F,Grimeshaven
Example,Juliet Hintz,Investor Branding Manager,F,Cindyside
Example,Dr. Kristoffer Towne,International Brand Strategist,M,East Millerhaven
Example,Warren Bosco,Principal Implementation Executive,M,Schaeferport
Example,Jalon Frami DDS,National Brand Architect,M,Crooksfort
Example,Marcel Upton,Direct Markets Analyst,M,Emiliostad
Example,Kade Vandervort II,Direct Security Designer,F,North Kaleigh
Example,Cortney Beatty,National Response Orchestrator,F,Lake Karli
Example,Helga Ledner,Investor Assurance Producer,F,South Itzel
Example,Luna Towne,National Usability Specialist,M,South Garrisonmouth
Example,Shyanne Upton,Future Operations Designer,F,West Nils
Example,Katelyn Gusikowski,Human Integration Producer,M,Lefflerbury
Example,Javon Feeney,Principal Configuration Director,F,Donnellymouth
Example,Dr. Thad Rodriguez,Principal Tactics Technician,M,West Venafort
Example,Ransom Hyatt PhD,Product Operations Engineer,F,Maggioburgh
Example,Laisha Bechtelar,Dynamic Directives Facilitator,F,Kesslerton
Example,Mrs. Jackie Padberg,Investor Integration Orchestrator,M,Lake Sadie
Example,Roslyn Parker,International Integration Technician,M,East Antwanbury
Example,Domenic Deckow,Lead Solutions Consultant,M,Port Eraberg
Example,Dr. Abbey Ledner,Dynamic Applications Supervisor,F,Keelingmouth
Example,Kali Walker,Customer Functionality Orchestrator,M,Ferneville
Example,Jayce Bednar,District Program Officer,F,North Hailie
Example,Raymundo Wilkinson,Internal Factors Planner,M,East Eden
Example,Marlee Smith Sr.,Human Program Supervisor,M,South Paulineville
Example,Abigail Lubowitz II,National Factors Strategist,M,Lake Cassie
Example,Mrs. Vicente Quigley,Chief Group Orchestrator,F,Hermistonton
Example,Daija Mills,Dynamic Operations Designer,M,Gottliebborough
Example,Dr. Wendy Feeney,Regional Accounts Assistant,F,North Alfonsochester
Example,Mylene Bernhard,Direct Creative Orchestrator,F,South Trystan
Example,Flavio Reichel,Future Branding Assistant,M,Joelshire
Example,Mr. Carmella Grady,Dynamic Assurance Administrator,M,West Brendaberg
Example,Yvette Becker,International Assurance Engineer,F,Juliemouth
Example,Bernadine D'Amore,Chief Accountability Executive,F,East Anastacio
Example,Kelton Turner,Central Creative Liason,F,Ethanland
Example,Miss Enid Miller,International Markets Analyst,F,South Hannahberg
Example,Percy Mraz,International Tactics Analyst,F,West Kiarra
Example,Elenora Breitenberg,Legacy Operations Assistant,M,Bretborough
Example,Elroy Brakus,Dynamic Accounts Officer,M,North Eva
Example,Anastacio Ritchie V,Principal Integration Developer,F,Michaleton
Example,Jazmyn Veum,Regional Paradigm Consultant,M,Orinstad
Example,Reginald Becker,Direct Assurance Strategist,M,Kobehaven
Example,Armani Harvey,Corporate Program Specialist,F,North Keeganmouth
Example,Angelita Cremin,Product Division Consultant,M,Smithhaven
Example,Lizeth Monahan,International Accounts Agent,M,Misaelchester
Example,Eunice Runolfsdottir,Future Functionality Designer,F,Hammesfort
Example,Miss Gail Collins,Central Optimization Technician,F,DuBuquefort
Example,Omer Beahan,International Metrics Developer,F,Hermannland
Example,Yasmine Heller,Internal Optimization Liason,F,Leaberg
Example,Alejandra Buckridge,International Functionality Consultant,M,North Bartholomeport
Example,Walker Greenfelder,Future Intranet Associate,F,New Mallorymouth
Example,Cassandre Pfannerstill,National Implementation Strategist,M,Laurafurt
Example,Lina Wilkinson,National Research Planner,F,Lake Cassieton
Example,Dr. Cooper Johns,Customer Brand Consultant,M,Lubowitzview
Example,Zoe Miller,Internal Directives Producer,M,South Waltonbury
Example,Mrs. Ronaldo Reichert,Product Mobility Executive,M,North Laverne
Example,Mr. Urban Ratke,Dynamic Functionality Developer,M,Dashawnshire
Example,Mr. Adam Hand,Regional Group Producer,M,Ernestborough
Example,Wilfredo Prohaska,National Response Executive,M,New Taurean
Example,Dylan Smith,Senior Tactics Representative,F,Greenport
Example,Sean Botsford,Global Communications Developer,M,Gleasonland
Example,Albina Monahan,Senior Tactics Facilitator,F,Hirthestad
Example,Mandy Hessel,Investor Implementation Technician,M,Reichertstad
Example,Cielo Schaden,Forward Optimization Associate,F,South Litzybury
Example,Brenna Jerde,Internal Usability Administrator,M,Collierfurt
Example,Dr. Granville Legros,Human Program Analyst,F,North Elwinhaven
Example,Jovani Rogahn,Dynamic Identity Supervisor,M,McKenzieland
Example,Mr. Joaquin Schaden,Senior Security Producer,M,Rippinport
Example,Ervin Pacocha,Future Paradigm Developer,F,New Kennyland
Example,Zack Howell,Dynamic Markets Liason,M,New Elbertburgh
Example,Mrs. Moises Sipes,Future Metrics Assistant,F,West Bailey
Example,Ozella Rath,Direct Group Specialist,M,Weberstad
Example,Eino Thiel,District Security Executive,F,West Boris
Example,Vicente Goyette,Principal Configuration Developer,M,East Sheilafort
Example,Chadd Koss,District Markets Producer,M,Jimmyton
Example,Andreanne Beier,Direct Quality Associate,M,Lake Ruthiemouth
Example,Agustin D'Amore,Future Operations Consultant,F,Pollichtown
Example,Lucinda Ziemann,Legacy Infrastructure Supervisor,F,North Breana
Example,Mr. Johnathon Waelchi,Regional Security Developer,F,West Brendon
Example,Randi Weber,Chief Communications Orchestrator,M,Lake Uriah
Example,Abigale Bradtke IV,Principal Group Architect,M,North Oran
Example,Nia Schmitt,Internal Directives Manager,F,South Carol
Example,Ms. Cheyanne Orn,Internal Directives Designer,F,North Charlie
Example,Dax Buckridge,Senior Mobility Developer,F,South Lavina
Example,Abelardo Howe,Lead Brand Planner,F,East Brainport
Example,Mr. Leonor Runolfsdottir,Chief Data Developer,F,Ashtontown
Example,Kennedi Flatley,International Usability Orchestrator,F,New Dante
Example,Josiah Konopelski,Forward Configuration Specialist,M,South Kenyamouth
Example,King Casper,District Identity Specialist,M,Archibaldfort
Example,Jerald Aufderhar,Regional Quality Orchestrator,F,Dareberg
Example,Gregorio Rice MD,Customer Optimization Developer,M,Gladyceborough
Example,Stefan Zulauf,Future Quality Facilitator,F,Lake Kaleland
Example,Gerardo Price,Lead Tactics Supervisor,F,Port Araceli
Example,Alexanne Pouros,Investor Web Facilitator,M,Sengerville
Example,Miss Vickie Lynch,Corporate Program Producer,M,Lowebury
Example,Erin VonRueden,National Program Assistant,M,Lake Elenor
Example,Nolan Hessel,District Accountability Assistant,F,Port Makayla
Example,Julie Yundt,Senior Identity Liason,F,North Violetteberg
Example,Xavier Grimes,Dynamic Program Analyst,M,South Maudborough
Example,Shad Lesch Sr.,Dynamic Operations Facilitator,F,Pierrebury
Example,Miss Elyse Maggio,Product Identity Consultant,F,Nonaton
Example,Vivien Bernhard,Future Identity Liason,F,North Shawna
Example,Jasmin Bode MD,Central Accounts Producer,M,South Jaleel
Example,Ms. Ofelia Block,Dynamic Division Planner,F,Brooklynburgh
Example,Freeda Mante,Lead Group Officer,M,North Constanceland
Example,Shanie Simonis,Human Usability Analyst,F,West Eleanora
Example,Lenora Oberbrunner I,Lead Configuration Facilitator,M,Boyleland
Example,Marshall Greenfelder,National Interactions Strategist,M,East Imogene
Example,Ms. Leif Predovic,Future Communications Coordinator,M,Port Bruceville
Example,Bertram Kub,Regional Factors Director,M,Rowebury
Example,Elmira Paucek IV,National Configuration Strategist,M,Cruztown
Example,Grant Roberts,Lead Usability Designer,M,Botsfordborough
Example,Carlo Olson,Investor Response Executive,M,New Mittiemouth
Example,Rylee Rosenbaum,National Applications Manager,F,Lake Kenny
Example,Ayden Konopelski,Legacy Accountability Developer,M,South Melba
Example,Kurt Bartell,Direct Interactions Architect,F,West Camilaville
Example,Jana Satterfield,International Markets Executive,F,Lake Kody
Example,Greg Renner,Internal Infrastructure Coordinator,F,New Kaiatown
Example,Lloyd Stiedemann,Regional Creative Liason,M,East Clark
Example,Reilly Grant,Forward Intranet Orchestrator,M,Lake Gavin
Example,Marilie Morar,National Paradigm Assistant,M,Jaleelmouth
Example,Hillary Schuster,National Accountability Assistant,F,Hoppehaven
Example,Barbara Mitchell,Internal Research Orchestrator,F,Elseberg
Example,Velva Ritchie Jr.,Principal Communications Administrator,M,Jeffview
Example,Osborne Jerde,Direct Tactics Liason,M,Broderickton
Example,Junius McGlynn,Future Branding Executive,F,Steuberburgh
Example,Kiana Marvin Sr.,Central Data Designer,M,Denesikchester
Example,Lacy Stoltenberg,Human Applications Strategist,M,Lake Nick
Example,Dayton Satterfield PhD,Customer Applications Specialist,F,New Kaitlyn
Example,Valentina Zieme,Dynamic Mobility Associate,F,Teresachester
Example,Edmond Ankunding,Global Optimization Architect,F,Lake Paula
Example,Kailee Huels DVM,Human Communications Agent,M,Robertsside
Example,Mr. Desiree Collier,Human Metrics Producer,F,Ronfort
Example,Ms. Destin Homenick,Dynamic Response Supervisor,F,Connberg
Example,Josiah Fisher,District Operations Executive,M,Port Darrel
Example,Lucius Powlowski,Human Paradigm Developer,M,Buckridgetown
Example,Allan Gaylord,Human Accountability Liason,F,Lake Titusburgh
Example,Mrs. Guiseppe Beatty,Human Usability Technician,F,Hartmannhaven
Example,Nettie Hermann I,Principal Accounts Architect,F,New Watsonport
Example,Ana Bernhard,Direct Optimization Facilitator,M,Townestad
Example,Wilma McClure,Direct Mobility Strategist,F,East Yoshikohaven
Example,Dr. Dewitt Abbott,Corporate Directives Technician,F,Stephanfort
Example,Mr. Janiya Wisozk,Human Data Technician,F,Connorside
Example,Pinkie Schumm I,International Branding Facilitator,F,Lake Rahulberg
Example,Heidi Torp,Chief Paradigm Associate,F,Alexanderview
Example,Aubrey Koch,Direct Security Officer,M,South Lucie
Example,Maya Cummerata,Senior Operations Supervisor,M,Antwanfurt
Example,Kristy Sipes,Future Quality Representative,F,Torphystad
Example,Kade Frami,District Assurance Facilitator,M,New Monafort
Example,Kiana Jakubowski,Legacy Security Developer,F,Rogahnburgh
Example,Harvey Hessel,Product Metrics Planner,M,Port Angelita
Example,Libbie Schaden Sr.,District Solutions Engineer,M,South Breannetown
Example,Joy Wintheiser,Global Group Strategist,F,Norrisville
Example,Johnpaul Hand,Dynamic Factors Facilitator,F,Aubreeburgh
Example,Abbey Carroll,Product Interactions Executive,F,Pollyland
Example,Ms. Candice Harris,Direct Infrastructure Administrator,F,South Bernadette
Example,Mrs. Ike Altenwerth,Global Metrics Manager,F,Fritschbury
Example,Germaine Gleason PhD,Principal Interactions Analyst,F,East Dalton
Example,Ulices Jerde,Product Integration Representative,M,Krystalborough
Example,Miss Eldred Fadel,Customer Optimization Executive,F,Kennithview
Example,Felicia Gerlach,Global Web Manager,F,Mariannetown
Example,Ms. Brittany Connelly,National Assurance Planner,M,North Clifford
Example,Mrs. Dennis Bergnaum,District Factors Planner,F,Rebekahborough
Example,Ahmad Kassulke,Global Accountability Orchestrator,F,Port Dax
Example,Gregoria Lubowitz,Senior Web Designer,F,New Cotybury
Example,Dolores Schultz V,Lead Research Planner,M,West Fletcher
Example,Trever Conn,Investor Accounts Director,F,West Florian
Example,Alberta Lang,Principal Quality Producer,F,Eduardoshire
Example,Britney Konopelski,Investor Group Specialist,M,Walterland
Example,Miss Kenya Aufderhar,Future Program Representative,F,Margaretestad
Example,Lauriane Reichert DDS,District Directives Agent,M,East Wilmaside
Example,Cynthia Koepp,Customer Response Developer,M,Port Enricoshire
Example,Jabari Dooley MD,Principal Brand Engineer,M,East Gaylehaven
Example,Giles McDermott,Investor Directives Orchestrator,M,Juliannetown
Example,Emely Davis V,Lead Division Supervisor,F,New Crawford
Example,Leonora Stark,Forward Factors Manager,M,Dickensfort
Example,Mr. Brandon Huels,Product Research Representative,F,Hoppehaven
Example,Shanie Wolf Jr.,Senior Functionality Liason,F,Brakusbury
Example,Jaleel Schoen,Internal Accountability Orchestrator,M,North Aric
Example,Hillary Keeling,Forward Accounts Developer,M,Hermanport
Example,Miss Alene Herzog,Investor Security Orchestrator,F,Port Timothyview
Example,Guadalupe Goyette,Chief Operations Officer,M,Lake Lindsey
Example,Sebastian Rau I,Future Brand Agent,F,West Angela
Example,Macy Shanahan,Human Configuration Manager,F,East Jerad
Example,Cicero Hickle,Central Metrics Manager,M,Barrowsfurt
Example,Bert Thiel,Chief Accountability Planner,F,Wellingtonfort
Example,Paolo Cruickshank,District Quality Technician,F,Lake Avaland
Example,Tyson Kassulke,Customer Metrics Orchestrator,M,South Guadalupe
Example,Brisa Collier,Chief Assurance Executive,F,East Gerhardside
Example,Caleb Littel,Principal Brand Associate,M,Windlerside
Example,Boris Kunde,Future Group Analyst,M,North Rowena
Example,Teresa Schamberger,Central Response Orchestrator,F,New Santino
Example,Zelma Fay,District Communications Planner,M,South Taratown
Example,Kristy Green,District Solutions Developer,M,Cordeliamouth
Example,Levi Jerde,Central Directives Administrator,M,Lake Precious
Example,Mustafa Gorczany,Direct Brand Consultant,M,Ryantown
Example,Godfrey Stiedemann,Central Interactions Strategist,F,Anitashire
Example,Theresa Ratke,Customer Creative Strategist,F,Jaredstad
Example,Meda McDermott MD,Central Assurance Officer,M,Tyreekland
Example,Vinnie Breitenberg V,Corporate Metrics Representative,F,Yostside
Example,Arielle Keebler,Regional Usability Consultant,F,Jedediahville
Example,Michele Lindgren,Senior Factors Consultant,M,North Moshe
Example,Jewel Altenwerth,Regional Directives Associate,F,Kuhntown
Example,Francesco Hyatt,Lead Infrastructure Producer,F,New Lucyview
Example,Howard Kling,Dynamic Response Engineer,F,Bartellchester
Example,Wilford Littel,District Accounts Designer,F,North Monteport
Example,Adella Hintz,Chief Identity Designer,F,Omarishire
Example,Kellen Hintz,International Integration Analyst,F,Kuphaltown
Example,Corrine Predovic,Senior Mobility Administrator,F,Kristytown
Example,Nayeli Huel,Dynamic Paradigm Coordinator,M,Juneberg
Example,Kian Beer,National Branding Technician,M,Marcoborough
Example,Dr. Stanley Moen,Future Functionality Designer,F,New Harrison
Example,Hal Howe,Chief Branding Liason,M,Stracketown
Example,Deja Metz,Dynamic Branding Developer,F,Lake Edward
Example,Emily Yost,Senior Marketing Architect,F,East Myrticechester
Example,Rachael Stark,Corporate Response Specialist,M,Zboncakfurt
Example,Marlee Schneider,Senior Brand Designer,M,Runolfsdottirshire
Example,Abdul Lind,Investor Creative Supervisor,M,Lake Adrielfort
Example,Hattie Rogahn,Regional Accounts Technician,F,North Steviehaven
Example,Ms. Tiara Goyette,Central Usability Associate,M,Lake Tad
Example,Lonnie Langworth,Principal Operations Supervisor,F,Hoegerberg
Example,Chaim Thompson Sr.,District Web Officer,M,Port Marianoshire
Example,Hermina Kemmer PhD,Investor Assurance Executive,M,Guststad
Example,Kenneth Stokes,Forward Security Designer,M,Rosamondfurt
Example,Lucy Rosenbaum,Chief Accountability Facilitator,F,East Evan
Example,Rashawn Cummings,Forward Tactics Specialist,M,Braunfurt
Example,Marietta Denesik,District Optimization Engineer,F,Collinsberg
Example,Pascale Reichel,District Factors Supervisor,M,West Shermanmouth
Example,Jazmyn Will,Central Branding Facilitator,F,Lake Ernestine
Example,Mrs. Gloria Maggio,Legacy Marketing Supervisor,M,Lake Elfrieda
Example,Magnus Berge,Dynamic Integration Producer,F,Jaquelineport
Example,Tomasa Greenholt,International Identity Officer,M,North Suzanne
Example,Ericka Kreiger,Human Interactions Representative,M,Kennithbury
Example,Kirstin Grimes,Direct Brand Supervisor,M,Lake Philipland
Example,Melany Jacobson I,Central Program Producer,M,Myriamport
Example,Oren Roob DVM,Chief Paradigm Manager,M,New Abbeyville
Example,Cordie Koelpin,Dynamic Factors Executive,F,Lake Brendonport
Example,Eunice Robel,Direct Response Facilitator,F,Cotymouth
Example,Kris Metz MD,International Assurance Strategist,F,Desmondborough
Example,Molly Feest,Corporate Tactics Producer,F,Hintzborough
Example,Cielo Lebsack III,Direct Web Developer,M,East Zander
Example,Caesar Hane,Direct Metrics Producer,F,Zulaufmouth
Example,Wade Rogahn,Investor Data Coordinator,F,Lake Toreyport
Example,Bessie Little,International Marketing Technician,M,Donnellyhaven
Example,Burdette McLaughlin,District Marketing Facilitator,M,Pedroshire
Example,Caitlyn Gerhold V,Internal Communications Officer,F,Port Hipolito
Example,Alden Kessler,Global Identity Analyst,F,Hermanfurt
Example,Garth Hoppe,Central Paradigm Developer,F,Lehnerland
Example,Kip Howe,Lead Configuration Coordinator,F,Port Garlandtown
Example,Yasmin White,Lead Directives Designer,M,West Furman
Example,Eulalia Auer III,District Communications Liason,M,West Luther
Example,Terrell Stracke,Internal Quality Specialist,M,Braunstad
Example,Ms. Quentin Bode,Forward Factors Planner,M,Bogisichshire
Example,Clifton Dare,Investor Accounts Coordinator,M,Eulahbury
Example,Rae Dach,Global Identity Strategist,F,Port Lerachester
Example,Ms. Dortha Marks,International Accountability Associate,F,Aleenside
Example,Imelda Brekke,Central Markets Specialist,F,Halvorsonberg
Example,Mrs. Louie Howe,Dynamic Integration Engineer,M,Marvinburgh
Example,Gage Stark,Regional Factors Technician,M,Port Faustino
Example,Cesar Schiller,Human Communications Facilitator,M,Port Ivory
Example,Jesse Vandervort,Dynamic Optimization Agent,F,Luigiborough
Example,Demetris O'Connell,Investor Operations Technician,F,Audieside
Example,Shanon Treutel,Regional Markets Coordinator,M,Hansenmouth
Example,Maggie Kling,Direct Accountability Specialist,F,South Edwardoview
Example,Lucienne Witting,Product Group Executive,M,New Nicoland
Example,Jeanette Tromp,International Group Producer,F,Lake Zoeybury
Example,Narciso Bartoletti,Future Branding Associate,F,Stehrmouth
Example,Mr. Ansel Huel,Human Communications Facilitator,F,Lake Kameronfort
Example,Candida Gutkowski DDS,Global Optimization Designer,M,East Arttown
Example,Casey Fisher,Investor Creative Representative,F,North Althea
Example,Benton Skiles II,Forward Brand Supervisor,F,Hattiebury
Example,Taurean Boyer,Future Applications Supervisor,M,East Shadton
Example,Yazmin Mills,Human Assurance Facilitator,F,South Eldredborough
Example,Melvin Kohler DDS,Senior Integration Manager,F,Clemmiestad
Example,Eulah Farrell,Chief Accounts Manager,M,North Mariela
Example,Dr. Meagan Romaguera,District Optimization Manager,M,Weimannshire
Example,Stephanie Schiller,International Configuration Strategist,F,West Pedro
Example,Rosie Heidenreich DDS,Principal Implementation Representative,F,West Eldon
Example,Jalon Cassin III,Product Marketing Manager,F,Kossburgh
Example,Brooklyn Quitzon,Future Configuration Facilitator,M,North Tristonside
Example,Neva Mertz,Customer Brand Orchestrator,M,Lake Andresside
Example,Mrs. Tia Metz,Customer Interactions Director,M,Lake Joshuahburgh
Example,Erick Moore,Customer Research Orchestrator,M,New Raphael
Example,Liliane Quitzon Jr.,Senior Mobility Coordinator,F,Stromanstad
Example,Mrs. Domenic Heathcote,Global Program Assistant,F,Lemkeside
Example,Neal Hudson,International Group Coordinator,F,Kuhlmanberg
Example,Eliza Christiansen,Lead Accounts Executive,F,Port Oliverberg
Example,Rickie Torp,Human Solutions Engineer,F,Landenton
Example,Mr. Jeromy Abbott,Chief Security Planner,F,Wehnerberg
Example,Mrs. Elmira Smitham,Investor Identity Engineer,M,Andersonborough
Example,Kaleigh Howe PhD,Central Factors Analyst,M,Breitenbergchester
Example,Mariela Grant,Corporate Tactics Agent,F,Lake Kennedy
Example,Precious Renner MD,Internal Web Manager,M,Erdmanhaven
Example,Sienna Brakus DDS,Chief Intranet Coordinator,F,South Jeramy
Example,Eda Ferry,Customer Assurance Executive,F,Dibbertmouth
Example,Miss Gerry Borer,Legacy Response Engineer,F,East Antoniastad
Example,Camden Abbott,Customer Paradigm Consultant,M,Lake Violetteton
Example,Ms. Helmer Kerluke,Lead Usability Administrator,F,South Noahland
Example,Nettie Ondricka,Lead Data Technician,M,Lysanneland
Example,Otto Daniel,Senior Division Architect,F,Verdaland
Example,Josie Hilpert,Regional Interactions Officer,F,Schusterfurt
Example,Maryjane Konopelski,Global Optimization Executive,M,West Yadira
Example,Ms. Elvera Glover,Investor Markets Representative,F,Williamsonmouth
Example,Ursula Homenick V,Regional Directives Associate,M,East Dariusberg
Example,Burley Mitchell,Global Program Technician,F,Port Danny
Example,Mr. Vella Reinger,Customer Integration Liason,F,East Darienshire
Example,Marcellus Wuckert,Dynamic Response Officer,F,Ashleighton
Example,Aiden Harris,Dynamic Intranet Specialist,F,New Freddy
Example,Dawn Hahn,Principal Mobility Orchestrator,M,Balistreristad
Example,Liliana Cummerata MD,Internal Optimization Specialist,M,Port Eloisa
Example,Nayeli Cremin,Dynamic Identity Specialist,F,Blancafort
Example,Dr. Lonie Bechtelar,Dynamic Markets Producer,M,Lynnville
Example,Lauretta Little Jr.,Human Factors Agent,F,Lake Salvatorebury
Example,Audreanne Dach I,Customer Web Orchestrator,M,Collinsstad
Example,Gregg Terry,Customer Paradigm Consultant,F,Lewischester
Example,Annamarie Lynch,Direct Identity Liason,F,Schmidtburgh
Example,Nakia Kautzer,Internal Integration Developer,F,Luluburgh
Example,Paula Wehner,Direct Optimization Agent,M,Bartonfort
Example,Katelynn Ebert III,Investor Quality Developer,M,Hermanstad
Example,Sherman Fadel Jr.,Forward Accountability Liason,M,Sauerton
Example,Roger Conroy,Regional Tactics Developer,F,North Elzahaven
Example,Jarod Pollich,Senior Identity Director,M,West Domenicamouth
Example,Nathanael Kiehn,Legacy Tactics Assistant,M,Treutelmouth
Example,Jessyca Harris,District Web Representative,F,North Georgette
Example,Neva Ruecker,Senior Division Planner,M,Lake Dominic
Example,Juliet Pfannerstill,Senior Infrastructure Executive,M,Keeganhaven
Example,Mekhi Cormier,Legacy Division Consultant,F,South Sammie
Example,Clifford Bernier,Product Accounts Engineer,M,East Carlie
Example,Jamil Smith,Corporate Metrics Technician,M,Marvinberg
Example,Santino Collier,Forward Identity Designer,M,Port Tremaynefort
Example,Priscilla Nienow,Human Branding Producer,M,Runolfssonfort
Example,Conor Rau,Dynamic Branding Technician,F,Danikatown
Example,Mrs. Margaretta Kozey,Investor Metrics Producer,F,Port Ewaldchester
Example,Arielle Murray II,Legacy Response Director,M,West Daphneetown
Example,Mercedes Denesik,National Applications Planner,M,North Emersonhaven
Example,Aleen Weissnat,Future Accounts Designer,M,West Vitastad
Example,Enola Schaefer II,Forward Creative Representative,F,Libbieberg
Example,Marietta Leffler,Lead Data Agent,F,East Arden
Example,Winfield Reinger PhD,Central Response Associate,M,Port Janelle
Example,Gino Gerlach Sr.,Forward Operations Associate,F,West Doug
Example,Bernadine Kunze MD,Legacy Tactics Representative,M,Maxberg
Example,Ruth Mohr,Central Paradigm Executive,F,Schaefershire
Example,Mr. Joanny Abshire,Legacy Solutions Developer,M,Deonteberg
Example,Ernie Green,Lead Functionality Architect,M,Port Darron
Example,Gregory Tillman,Internal Configuration Specialist,F,Port Reagan
Example,Dr. Randall Fahey,Dynamic Integration Architect,M,Dibbertbury
Example,Eileen Von,Lead Response Consultant,M,Mrazborough
Example,Loren Ortiz,Corporate Optimization Facilitator,F,Andrewbury
Example,Delmer Dickens,Product Data Coordinator,M,East Florineberg
Example,Ms. Coty Hamill,Principal Interactions Strategist,F,South Vincenzastad
Example,Lindsey Cassin,Central Factors Strategist,F,West Alverta
Example,Dee Walsh,Lead Markets Developer,F,Floymouth
Example,Lilliana Weimann,Regional Group Agent,M,Lake Johnathonchester
Example,Delmer Trantow,Lead Group Supervisor,M,Bayerfurt
Example,Mrs. Vella McLaughlin,Principal Research Facilitator,F,Florencioport
Example,Bulah Will,Regional Accounts Strategist,M,Hiramfurt
Example,Cecile Zulauf,Direct Communications Planner,F,Guyville
Example,Vaughn Kutch,Legacy Security Engineer,F,Tiffanyside
Example,Godfrey O'Kon,Lead Mobility Technician,M,Lake Devonchester
Example,Emmalee Stehr,Human Integration Associate,F,South Brook
Example,Javonte Johnston,Regional Integration Associate,M,Emardfurt
Example,Modesto Hills,Legacy Response Strategist,F,Christiansenland
Example,Mr. Corine Bauch,Direct Web Supervisor,M,Theresahaven
Example,Evalyn Hickle,Forward Research Manager,F,North Franco
Example,Jodie Bins IV,Future Metrics Liason,F,East Geovany
Example,Damon Wuckert Jr.,International Brand Orchestrator,F,Malikastad
Example,Camryn Terry,Human Accounts Representative,M,Sanfordstad
Example,Yadira McKenzie,International Communications Planner,F,West Elmore
Example,Gustave Bradtke,Product Security Director,M,Casandraland
Example,Kirk Lynch,Dynamic Security Manager,F,East Guillermoberg
Example,Calista Brown,Product Research Supervisor,F,North Juliusfort
Example,Jarvis Jacobson,Investor Group Specialist,M,East Nettie
Example,Derrick Bins,Customer Optimization Officer,M,Kuphalchester
Example,Tanner Willms,Investor Infrastructure Specialist,F,Pourosbury
Example,Glen Swift,Internal Directives Executive,F,Kossburgh
Example,Dashawn Bailey II,Principal Response Designer,F,West Ariburgh
Example,Columbus Cruickshank,Principal Applications Agent,F,Lake Ignacio
Example,Adell Ziemann,Forward Functionality Developer,F,Runolfsdottirton
Example,Miss Coy Kozey,Product Identity Representative,M,Port Fabiolaberg
Example,Susie Heidenreich,Human Data Supervisor,F,Lake Jarodstad
Example,Ms. Annabell Langosh,National Markets Technician,F,Harrisburgh
Example,Lucie Veum,Legacy Division Officer,F,Hudsonberg
Example,Dr. Gisselle Wolf,Chief Solutions Assistant,F,Kautzerberg
Example,Eldred Stiedemann,Dynamic Integration Coordinator,M,Fisherside
Example,Abbey Schoen,Corporate Brand Developer,F,New Fabianview
Example,Rubye DuBuque,National Paradigm Associate,F,East Marlin
Example,Jan Welch,Principal Assurance Assistant,F,South Josefa
Example,Daisy Kemmer,Chief Accounts Engineer,M,South Katarinaside
Example,Alexandria Crona PhD,Corporate Marketing Consultant,M,Gerdaborough
Example,Orie Sipes,Investor Accounts Assistant,F,East Hankstad
Example,Dr. Karlie Bosco,Dynamic Directives Administrator,F,North Ricohaven
Example,Bette Schultz,International Data Architect,M,Ephraimton
Example,Abel Aufderhar,Regional Data Orchestrator,M,South Georgiana
Example,Belle Bartoletti,Lead Brand Planner,M,Williamsonberg
Example,Albin Hand,Corporate Branding Specialist,M,Hirtheton
Example,Jedediah Upton,National Mobility Architect,M,Lake Laynemouth
Example,Vladimir Beer,Corporate Metrics Assistant,M,Cadebury
Example,Larue Johnston,Forward Optimization Director,M,North Alejandratown
Example,Judd Mosciski,Senior Operations Analyst,F,Marjolainefort
Example,Miracle Satterfield,Dynamic Creative Agent,M,Otismouth
Example,Jadon Gleichner,Forward Branding Director,F,New Garnet
Example,Araceli Kling,Dynamic Solutions Liason,F,Cliftonside
Example,Dr. Camden Jaskolski,National Data Executive,F,West Otilia
Example,Darlene Veum,District Usability Manager,M,Gayleborough
Example,Marianna Rempel,Corporate Applications Agent,M,Port Lemuelview
Example,Miss Ayla Mertz,Customer Integration Agent,M,South Mara
Example,Leola Mayer V,Corporate Infrastructure Analyst,F,New Audreanneside
Example,Ms. Rocky Berge,Customer Division Planner,M,Jeannefurt
Example,Hallie Will,International Operations Designer,M,North Amelietown
Example,Concepcion Russel,District Paradigm Planner,M,Marvinville
Example,Rosella Morissette,Dynamic Factors Representative,F,Sauermouth
Example,Davin Rippin,Principal Mobility Facilitator,F,Koreytown
Example,Walter Deckow,Investor Solutions Liason,M,Lake Artport
Example,Rachael Skiles,Human Metrics Planner,M,New Dejon
Example,Savanna Schneider,National Security Coordinator,M,Danykaborough
Example,Mr. Aidan Rolfson,Forward Usability Associate,M,Yundtmouth
Example,Berenice Hackett,Forward Identity Engineer,F,Tierraton
Example,Anjali Pagac I,Product Metrics Manager,F,Ullrichtown
Example,Giovanny Fritsch,Forward Paradigm Representative,M,Reingerport
Example,Jedidiah Schmeler,Product Implementation Coordinator,F,Stefaniemouth
Example,Reilly Koch,Dynamic Solutions Specialist,M,Loraview
Example,Edwin Connelly,Internal Accounts Administrator,F,South Altamouth
Example,Ulises Tromp,Direct Implementation Planner,F,Cruickshankshire
Example,Aurelie Hoppe,Direct Accountability Liason,F,Manteview
Example,Meggie Ullrich,Chief Marketing Agent,F,North Nikitamouth
Example,Ludwig Luettgen,Direct Markets Technician,M,West Adela
Example,Davion O'Keefe,Product Integration Coordinator,F,Karianetown
Example,Bernadette Mante,Dynamic Data Executive,F,East Gudrun
Example,Mr. Lauren Schuster,Regional Research Representative,F,Lake Lucieland
Example,Mrs. Tara Harvey,Principal Marketing Specialist,F,North Zacharyborough
Example,Shemar Feeney,Central Configuration Producer,M,New Emmanuelle
Example,Felicia Gutkowski Jr.,Dynamic Security Engineer,F,North Oran
Example,Kayley Roberts,Product Brand Consultant,M,Lubowitzmouth
Example,Alberto Morissette,Regional Paradigm Consultant,F,North Monaville
Example,Jessie Mann II,Dynamic Tactics Facilitator,F,East Maestad
Example,Miss Ezekiel Windler,Chief Functionality Consultant,M,West Cathryn
Example,Mr. Aurelia Lakin,Investor Configuration Director,M,North Mauricefurt
Example,Antonietta Harber,Central Security Analyst,F,Lambertstad
Example,Ms. Lola Okuneva,Principal Assurance Specialist,F,New Tommiestad
Example,Miss Geovanni Murray,Dynamic Metrics Agent,F,Port Adrienne
Example,Abbie Koch,Legacy Usability Executive,F,Littleport
Example,Mr. Earnestine Thiel,Legacy Assurance Agent,M,D'Amorehaven
Example,Marguerite Kertzmann,Central Configuration Engineer,F,Considineport
Example,Dr. Dagmar Fahey,Regional Communications Producer,M,Hillsport
Example,Gerry Huels DDS,Central Assurance Officer,F,East Anahi
Example,Ben Crooks,Central Division Engineer,F,Ferryville
Example,Damon Kshlerin,Legacy Branding Director,F,Feilport
Example,Bernie Weber,District Web Supervisor,M,West Jacinto
Example,Eveline Predovic,Future Division Orchestrator,F,West Maiya
Example,Titus Waters,National Functionality Technician,M,West Antwon
Example,Claudie Hudson,Senior Division Executive,M,Wymanfort
Example,Dr. Ernestine Spinka,Human Data Analyst,F,Janiyaland
Example,Tillman Mayer,Future Usability Planner,M,North Thelmaside
Example,Marion Stroman,Corporate Response Administrator,F,West Jazmynemouth
Example,Oma Will,Investor Paradigm Strategist,F,Ibrahimhaven
Example,Jane Bernhard,District Solutions Agent,F,Jamesonfort
Example,Alvena Farrell V,District Response Coordinator,M,Lake Brookefurt
Example,Dimitri Kemmer,Investor Infrastructure Director,M,Toymouth
Example,Maybelle Hand,Future Identity Administrator,M,Kaceyhaven
Example,Sofia Mraz,Direct Directives Supervisor,F,Reecetown
Example,Miss Arden Ryan,Investor Directives Executive,M,South Travon
Example,Dalton Cremin,Internal Identity Engineer,F,West Preston
Example,Leon Feil V,Direct Factors Executive,M,Lake Marianohaven
Example,Rickie Reichert,Product Research Associate,F,Lake Mikeberg
Example,Ulises Schamberger,Chief Program Strategist,F,Larsonville
Example,Lester Braun,Principal Interactions Facilitator,F,Port Ethan
Example,Ross Stracke,Regional Tactics Architect,M,East Cordelia
Example,Nicholaus Haag,Product Directives Analyst,M,Kirlinland
Example,Jannie Cartwright,Central Assurance Director,F,New Aliza
Example,Bailee MacGyver DVM,Regional Response Strategist,M,New Alene
Example,Percival Feest II,Direct Optimization Orchestrator,M,West Vickieland
Example,Constance Reichert,Lead Solutions Agent,M,North Marjoryshire
Example,Andy Schmeler,Forward Research Technician,M,North Shanelle
Example,Emma Crooks I,Senior Markets Producer,F,Maximoshire
Example,Mr. Eldora Purdy,Customer Branding Technician,F,West Sabryna
Example,Ashly Hermiston,District Data Executive,F,Korbinton
Example,Dr. Reece Lang,Legacy Factors Designer,F,Hoegerside
Example,Jessie Wolf,Forward Usability Designer,F,Shieldsside
Example,Zora Smith,Senior Usability Executive,F,New Lonzo
Example,Chad Bradtke,Global Metrics Facilitator,F,Lake Jarretview
Example,Jaylen Lind,Direct Markets Director,M,New Oswaldomouth
Example,Turner Doyle,Customer Integration Manager,M,Hanefort
Example,Katlyn Fritsch,Lead Intranet Architect,F,Uptonton
Example,Sonya Moore,Human Research Analyst,F,Port Annabellemouth
Example,Gaetano Larkin,Global Assurance Executive,F,Thompsonstad
Example,Jimmie Stracke,Corporate Quality Assistant,F,Ferryburgh
Example,Benny DuBuque Jr.,Forward Solutions Architect,F,Skilesbury
Example,Dr. Nedra Kiehn,Corporate Tactics Coordinator,F,North Lottie
Example,Russell Zemlak II,Forward Response Consultant,M,Tremayneburgh
Example,Ms. Crawford Legros,Principal Infrastructure Developer,M,Lake Michelborough
Example,Ned Reichert,Dynamic Security Specialist,M,Osinskifurt
Example,Nona Dietrich MD,Customer Interactions Manager,F,Porterfort
Example,Ken Pouros,Product Operations Strategist,F,South Nathanial
Example,Conner Bogan,Legacy Communications Facilitator,M,McCulloughborough
Example,Rupert Bechtelar Jr.,Corporate Accountability Associate,M,Christianachester
Example,Chelsie Runte,Principal Infrastructure Consultant,M,South Mireya
Example,Marcellus Jones,Future Functionality Supervisor,F,Terrancemouth
Example,Vella Macejkovic,Chief Configuration Representative,M,Ewaldview
Example,Talon Barrows,Forward Directives Agent,F,Clintonfort
Example,Loy Hyatt,Senior Creative Manager,M,Durganport
Example,Samson Nolan,Dynamic Intranet Strategist,F,Ebonyview
Example,Maddison Kris,National Accounts Analyst,F,West Janae
Example,Tyson Lubowitz,International Solutions Technician,M,Thorastad
Example,Monserrate Ondricka,Central Tactics Liason,M,Isabelfort
Example,Leilani Roob,Future Implementation Associate,M,Port Cortez
Example,Tomasa Koss,Human Applications Agent,M,Sadieberg
Example,Mr. Phyllis Effertz,Customer Directives Assistant,F,Orvalburgh
Example,Eugene Windler,Legacy Accounts Liason,M,North Meganebury
Example,Coy Koss,Chief Group Specialist,M,West Mattieville
Example,Ms. Norene Beahan,Central Accounts Orchestrator,M,South Bernadine
Example,Marcellus Predovic,International Accountability Technician,F,North Justonville
Example,Scottie VonRueden,Forward Brand Agent,M,West Chanelmouth
Example,Brisa Bashirian,Corporate Assurance Architect,F,Lake Hudsonport
Example,Robin Stokes,Internal Configuration Developer,M,Candidatown
Example,Verla Rowe III,Corporate Data Developer,M,Beattyberg
Example,Rhea Parker,Forward Security Planner,M,Ephraimbury
Example,Rhiannon Gibson,District Research Technician,F,Thompsonberg
Example,Hector Jast,Principal Markets Coordinator,F,Port Zionborough
Example,Johnnie Torphy PhD,Principal Marketing Planner,M,Port Rosa
Example,Johnathon Skiles,District Factors Planner,F,New Alvenamouth
Example,Abbey Doyle,Customer Marketing Planner,F,New Hermannmouth
Example,Reynold Zboncak,Legacy Tactics Analyst,M,New Nolabury
Example,Mrs. Christa Witting,Dynamic Accountability Liason,M,Buddyfurt
Example,Mrs. Augusta Bartell,Central Brand Developer,F,North Leonorshire
Example,Mr. Ryley Hills,Product Quality Strategist,F,East Janelleborough
Example,Mr. Beulah Rosenbaum,Principal Accountability Executive,F,Lilianashire
Example,Dr. Taryn Lebsack,Investor Optimization Assistant,F,Bettemouth
Example,Yesenia Leuschke II,District Accountability Facilitator,F,Rueckerborough
Example,Camron Flatley,Forward Usability Officer,F,Port Hassiemouth
Example,Sigurd Padberg,Product Integration Director,M,Mayerstad
Example,Jaylan Rowe,Future Security Consultant,F,Lake Emeliebury
Example,Kenyatta Auer,Corporate Assurance Planner,F,Port Brookehaven
Example,Maxime Ankunding,Lead Marketing Planner,M,Vanceshire
Example,Jessyca Senger PhD,International Applications Associate,M,East Joy
Example,Lizzie Lesch,National Usability Engineer,F,Port Queenside
Example,Lavina Stroman,Customer Accountability Assistant,F,Donnellychester
Example,Raul Berge,Human Directives Designer,F,Reynoldmouth
Example,Lempi Roob,Regional Usability Representative,F,Brisamouth
Example,Reinhold Schulist,Future Web Officer,F,Harrischester
Example,Miss Helena Mitchell,Global Identity Designer,F,Collinston
Example,Dr. Henriette Lebsack,Chief Response Associate,M,Port Kavontown
Example,Roderick McLaughlin,Corporate Factors Specialist,F,East Katelinstad
Example,Sigmund Dare,Principal Research Specialist,M,Ayanaberg
Example,Sierra Jones,Future Configuration Director,F,Nathenburgh
Example,Erling Welch,Lead Communications Strategist,F,Port Vivaton
Example,Theresia Graham,District Marketing Manager,M,North Gussie
Example,Melba Leffler,National Markets Manager,M,Runolfsdottirburgh
Example,Fiona Bayer DVM,Dynamic Response Engineer,M,Lake Franciscoton
Example,Mrs. Elsie Hudson,Legacy Functionality Administrator,F,Greggport
Example,Dewayne Moore,Chief Tactics Administrator,M,East Freddieville
Example,Arlo Schoen,Dynamic Directives Facilitator,F,New Kenna
Example,Leonard Moen II,National Operations Liason,F,South Lilla
Example,Miss Julianne Predovic,Chief Communications Orchestrator,F,Wisokyfurt
Example,Alexandre Goldner I,Forward Intranet Manager,F,Runolfssonborough
Example,Barton Fadel,Regional Markets Representative,M,South Kacey
Example,Leilani Murphy,National Usability Representative,M,New Tessview
Example,Pietro Dibbert,District Assurance Technician,F,Kristoferburgh
Example,Weston Monahan,Dynamic Intranet Consultant,M,Satterfieldside
Example,Ahmed Schaefer IV,Principal Usability Administrator,F,Clarabelleville
Example,Sydnie Homenick MD,Lead Mobility Administrator,F,East Hassanland
Example,Samara Nicolas,Regional Marketing Assistant,F,Gerdamouth
Example,Miss Camren Conn,Customer Accountability Analyst,M,Fletcherton
Example,Maybell Padberg,Product Interactions Officer,M,Hayesview
Example,Miss Ruben Brakus,Customer Tactics Coordinator,F,Lake Elliott
Example,Thomas Leannon,Global Brand Representative,F,Bartellmouth
Example,Britney Legros,Customer Markets Facilitator,M,Martinahaven
Example,Korbin Crona,National Operations Orchestrator,F,New Herta
Example,Dawn Rempel,Lead Factors Technician,M,North Marleytown
Example,Arvid Cartwright I,Regional Paradigm Assistant,F,North Guillermo
Example,Lily Hudson,Internal Integration Planner,F,Port Camilla
Example,Phyllis Adams,Lead Data Officer,M,Marilynechester
Example,Janick Thompson,Legacy Web Engineer,M,North Antoinette
Example,Mrs. Ulises Denesik,Principal Web Developer,M,Lake Hosea
Example,Dora Beier,Future Accounts Orchestrator,F,West Rashadfort
Example,Lexus Torp,Product Implementation Agent,M,North Torranceburgh
Example,Miss Erwin Stokes,Legacy Response Architect,M,Lake Makenzie
Example,Ottis Parisian,Chief Applications Strategist,F,Amalialand
Example,Berry Pfannerstill,Dynamic Implementation Officer,F,Delfinaburgh
Example,Noah Mitchell,Future Program Specialist,F,Harmonyport
Example,Mr. Pascale Reichert,Internal Paradigm Planner,M,North Michelle
Example,Miss Sincere Hauck,Investor Mobility Specialist,F,Lake Brucefurt
Example,Laurel Jacobson,Dynamic Configuration Representative,M,South Paris
Example,Adrain Krajcik I,Central Configuration Coordinator,F,Keelingtown
Example,Abdullah Koelpin,Corporate Quality Engineer,F,Cassandreburgh
Example,Hailie Spencer,Global Paradigm Coordinator,F,Huelstown
Example,Favian Koss,Dynamic Data Specialist,F,Eraport
Example,Giles Mayert,Investor Optimization Specialist,F,North Boris
Example,Marjory Hane,National Division Planner,M,Hartmannfurt
Example,Josue Sanford,Dynamic Infrastructure Architect,M,West Alessandra
Example,Maryam Marvin I,Senior Applications Producer,M,Kertzmannborough
Example,Cristal Cole,International Mobility Assistant,F,North Pansy
Example,Camylle Wehner,Regional Applications Executive,M,Lake Junius
Example,Jon Russel,Internal Web Officer,M,East Jeanettefurt
Example,Noel Trantow,Global Optimization Designer,F,Kathlyntown
Example,Kody Sanford,Legacy Identity Manager,F,Lonieville
Example,Dr. Tobin Gleichner,Central Web Specialist,M,Destanyland
Example,Eliane Kessler Jr.,Product Interactions Supervisor,F,Port Eliezer
Example,Pink Padberg,Corporate Optimization Officer,M,South Chetstad
Example,Jarrett Kihn,Regional Web Assistant,M,Curtberg
Example,Jaunita Farrell,Future Implementation Administrator,F,Littelton
Example,Mr. Cora Tillman,Customer Markets Manager,F,New Zander
Example,Cleve Tromp MD,Principal Program Manager,F,McCulloughside
Example,Reed Schneider,Forward Program Administrator,F,Port Anaisstad
Example,Liliana Williamson MD,International Directives Administrator,F,Moenfurt
Example,Esta Sanford,International Tactics Director,M,Turcottefurt
Example,Hassan Bauch,Dynamic Tactics Engineer,M,Corkeryport
Example,Miss Samantha Runolfsdottir,District Branding Facilitator,M,Kuhlmanside
Example,Dejon Beahan,Global Factors Associate,M,Lavadaborough
Example,Heidi Witting,Regional Solutions Agent,M,Terenceton
Example,Dr. Madelynn Welch,International Infrastructure Supervisor,M,Lake Norma
Example,Cydney Marks,Dynamic Factors Engineer,M,New Kaychester
Example,Amparo Moore MD,Investor Web Engineer,F,North Glenport
Example,Gladys O'Kon,Senior Assurance Designer,F,Binsside
Example,Mrs. Lucius Sawayn,Chief Division Specialist,M,North Warrenville
Example,Karine Gorczany IV,Forward Configuration Facilitator,M,New Patsymouth
Example,Mallie Mills V,National Intranet Liason,M,West Sageside
Example,Napoleon Zemlak,Dynamic Branding Manager,F,East Joaquin
Example,Ms. Declan Beatty,Investor Program Technician,F,Greenfelderport
Example,Lorenza Green,Legacy Tactics Officer,M,North Keshawn
Example,Guadalupe Flatley,International Tactics Strategist,F,Bechtelarbury
Example,Fritz Stracke,Global Metrics Facilitator,F,Hartmanntown
Example,Ms. Vilma Murphy,Customer Functionality Associate,M,New King
Example,Jerel Bayer,Legacy Data Orchestrator,F,Emersonchester
Example,Isaias Hilll,Legacy Accounts Designer,F,Lake Elinorside
Example,Dr. Susie Heathcote,Principal Identity Coordinator,M,Tinachester
Example,Nora Ratke,Forward Response Agent,F,East Vada
Example,Janis Borer DVM,Future Branding Executive,M,West Dylan
Example,Sierra Olson,Dynamic Quality Liason,M,Candicehaven
Example,Mae Conroy,Dynamic Division Specialist,M,South Rowlandburgh
Example,Ms. Vivien Miller,Investor Communications Analyst,F,West Claude
Example,Amaya O'Reilly III,District Data Strategist,F,Lorenmouth
Example,Ari Mante,Dynamic Configuration Associate,F,New Kade
Example,Belle Mayert,Lead Communications Liason,M,Lake Cynthiachester
Example,Lon Hilpert,Human Division Director,F,Lake Dudleychester
Example,Talia Lehner,Customer Research Director,F,West Santaton
Example,Tamara Bahringer,Central Intranet Facilitator,F,New Rashawnbury
Example,Mitchel Steuber,Human Optimization Assistant,F,Swiftland
Example,Dr. Clay Abshire,Future Functionality Associate,M,Lake Andreanechester
Example,Boyd Sporer III,Central Division Facilitator,M,Lake Jayda
Example,Mrs. Kirstin Stoltenberg,Principal Intranet Coordinator,F,Port Lavonne
Example,Ethel Bins Sr.,Principal Integration Designer,F,East Melba
Example,Ms. Carissa Senger,Product Creative Director,F,Ryanstad
Example,Miss Lacy Von,Legacy Division Assistant,M,East Isobelchester
Example,Ayla Bosco,Chief Data Administrator,F,Orvalland
Example,Adrien Schuster,Legacy Interactions Orchestrator,M,Corkeryberg
Example,Mr. Elsie Prohaska,Customer Marketing Analyst,M,South Mallory
Example,Maritza MacGyver,Human Data Supervisor,F,Lake Kevon
Example,Rahul Marks,Senior Usability Planner,F,Hackettborough
Example,Opal Rutherford,International Tactics Officer,F,Lake Kassandra
Example,Leila Carter,Forward Branding Manager,F,East Marjory
Example,Edmund Bradtke Sr.,Direct Brand Manager,M,West Levifort
Example,Malcolm Altenwerth,Legacy Configuration Specialist,F,South Franciscoburgh
Example,Else Gaylord PhD,Lead Functionality Consultant,M,East Luciano
Example,Deborah Abshire II,Internal Intranet Orchestrator,F,Wymanmouth
Example,Tomasa Koss DVM,Lead Applications Executive,M,Predovicmouth
Example,Dr. Clifton Quitzon,District Intranet Administrator,M,South Barryshire
Example,Gonzalo Brakus,Dynamic Quality Orchestrator,F,Jadastad
Example,Dustin Greenfelder,Principal Communications Coordinator,M,Asaport
Example,Ms. Elsa Hills,Direct Division Planner,F,Eliasside
Example,Lelia Gottlieb,Forward Directives Officer,M,Port Pietroville
Example,Golda Glover,Chief Identity Assistant,M,Crawfordfurt
Example,Lorna Lockman,Lead Communications Analyst,M,Marvintown
Example,Zaria Ledner,Forward Security Facilitator,F,South Justynport
Example,Rigoberto Green,Dynamic Mobility Producer,M,East Eltatown
Example,Wava Gorczany,Product Identity Representative,M,North Schuylerside
Example,General Farrell MD,Corporate Web Manager,M,Sawaynchester
Example,Lonny Gislason,Direct Division Planner,M,West Tyrese
